,,,Fall 2021,Fall 2021,Fall 2021,Spring 2022,Spring 2022,Spring 2022,Summer 2022,Summer 2022,Summer 2022,Fall 2022,Fall 2022,Fall 2022,Spring 2023,Spring 2023,Spring 2023,Summer 2023,Summer 2023,Summer 2023,Fall 2023,Fall 2023,Fall 2023,Spring 2024,Spring 2024,Spring 2024,Summer 2024,Summer 2024,Summer 2024,Fall 2024,Fall 2024,Fall 2024,Spring 2025,Spring 2025,Spring 2025,Summer 2025,Summer 2025,Summer 2025,Fall 2025,Fall 2025,Fall 2025
,,,Credit Sections Count,Credit Sections FTES,Enrollment Count,Credit Sections Count,Credit Sections FTES,Enrollment Count,Credit Sections Count,Credit Sections FTES,Enrollment Count,Credit Sections Count,Credit Sections FTES,Enrollment Count,Credit Sections Count,Credit Sections FTES,Enrollment Count,Credit Sections Count,Credit Sections FTES,Enrollment Count,Credit Sections Count,Credit Sections FTES,Enrollment Count,Credit Sections Count,Credit Sections FTES,Enrollment Count,Credit Sections Count,Credit Sections FTES,Enrollment Count,Credit Sections Count,Credit Sections FTES,Enrollment Count,Credit Sections Count,Credit Sections FTES,Enrollment Count,Credit Sections Count,Credit Sections FTES,Enrollment Count,Credit Sections Count,Credit Sections FTES,Enrollment Count
Canada Total,,,506,"1,526.28","9,079",542,"1,552.94","9,834",143,699.78,"3,336",578,"1,657.63","10,557",582,662.48,"10,547",127,597.51,"3,279",562,"1,867.62","11,838",609,"1,908.18","12,160",151,686.19,"3,753",606,"1,954.22","12,641",632,"1,954.81","12,716",150,761.28,"4,058",599,"1,981.60","12,636"
,Credit - Degree Applicable                         Total,,478,"1,448.03","8,637",516,"1,502.38","9,463",133,679.97,"3,223",546,"1,576.26","9,910",554,609.56,"10,005",124,589.15,"3,206",536,"1,764.83","11,127",580,"1,804.01","11,457",146,672.79,"3,631",570,"1,815.68","11,671",599,"1,836.04","11,923",143,741.86,"3,895",565,"1,859.92","11,814"
,,020100 - Architecture and Architectural Technolog,1,5.93,31,1,2.90,29,,,,2,3.30,33,2,4.70,47,,,,1,2.60,26,2,5.70,57,,,,1,2.40,24,2,4.90,49,,,,1,2.70,27
,,030100 - Environmental Science                   ,3,4.43,45,4,4.33,44,,,,4,6.78,69,4,3.00,67,,,,4,8.07,82,4,12.04,85,,,,4,12.50,90,4,11.64,81,1,16.00,30,2,5.99,58
,,"040100 - Biology, General                        ",13,79.20,348,12,67.28,318,4,47.04,174,14,72.77,399,12,23.15,378,2,14.63,80,13,85.60,476,13,71.04,404,3,31.08,170,14,91.11,524,13,81.62,453,3,41.14,225,13,104.45,555
,,040300 - MicroBiology                            ,3,24.08,87,3,25.08,85,1,13.84,36,3,18.48,77,3,7.82,79,,,,3,21.38,86,3,25.87,89,,,,3,22.54,91,3,25.85,87,,,,3,20.52,87
,,041000 - Anatomy and Physiology                  ,10,56.54,203,12,59.15,223,,,,7,54.30,186,8,24.72,184,,,,6,44.11,171,8,51.61,202,,,,6,45.31,179,7,51.16,204,,,,6,43.53,174
,,"050100 - Business and Commerce, General          ",15,27.60,243,9,21.07,177,4,17.92,98,14,34.62,340,15,8.59,343,8,40.04,219,13,45.50,340,22,72.61,590,8,44.07,241,15,54.35,396,24,84.50,621,9,55.21,302,18,82.27,516
,,050200 - Accounting                              ,8,19.31,138,6,24.77,175,1,9.02,37,12,38.12,222,11,3.04,202,,,,9,35.29,220,9,32.69,209,2,14.87,61,9,33.54,204,9,34.60,206,2,12.92,53,9,38.70,229
,,050210 - Tax Studies                             ,,,,1,1.10,24,,,,,,,1,0.00,39,,,,,,,1,1.28,28,,,,,,,1,1.55,34,,,,,,
,,050400 - Banking and Finance                     ,1,2.01,22,1,2.29,25,,,,1,6.22,34,3,2.10,48,,,,3,7.22,54,4,12.99,86,,,,2,8.63,60,2,10.08,70,,,,3,13.67,85
,,050600 - Business Management                     ,1,2.38,26,1,2.93,32,1,3.29,18,1,3.66,40,1,0.00,13,,,,1,4.39,24,1,5.67,31,1,5.12,28,2,7.87,41,2,6.66,39,1,5.30,29,1,4.58,24
,,050640 - Small Business and Entrepreneurship     ,1,2.01,11,1,7.31,40,1,2.38,13,1,1.37,15,1,0.00,28,,,,2,1.70,17,3,4.87,38,,,,2,2.10,21,3,4.77,37,,,,1,4.96,26
,,050800 - International Business and Trade        ,1,1.28,7,,,,1,5.12,28,2,6.04,33,,,,,,,2,6.22,34,,,,,,,2,7.75,40,,,,,,,2,10.49,55
,,050900 - Marketing and Distribution              ,1,6.03,33,2,8.23,62,1,5.12,28,2,6.86,75,1,0.00,20,1,5.30,29,3,12.49,100,1,5.55,29,1,6.58,36,5,14.98,148,1,3.81,20,1,7.86,43,4,14.61,84
,,051400 - Office Technology/Office Computer Applic,5,12.42,78,13,34.04,231,3,13.36,73,8,21.36,171,10,0.22,225,2,9.70,53,6,20.91,142,10,27.61,210,1,5.85,32,8,22.92,158,8,21.76,173,1,6.95,38,6,15.58,123
,,061400 - Digital Media                           ,1,4.93,25,,,,,,,1,2.00,20,,,,,,,1,2.60,26,,,,,,,1,2.40,24,,,,,,,4,13.52,44
,,061410 - Multimedia                              ,5,15.55,112,6,12.50,104,,,,9,14.49,139,4,6.64,97,,,,9,11.42,128,6,9.23,104,1,6.58,36,8,12.70,137,7,9.14,104,2,8.60,47,9,11.96,135
,,061420 - Electronic Game Design                  ,4,9.92,52,4,9.92,52,1,1.10,6,5,13.46,75,5,0.00,90,1,5.12,28,4,11.63,61,4,14.30,75,1,1.65,9,4,10.29,54,6,19.29,114,2,6.40,35,3,10.48,55
,,061430 - Website Design and Development          ,1,2.10,11,2,4.02,35,,,,2,2.64,24,2,4.09,26,,,,1,1.10,11,2,8.05,56,,,,3,3.50,35,2,2.09,19,,,,1,1.10,11
,,061440 - Animation                               ,5,12.13,94,10,14.61,138,,,,7,9.12,105,9,11.18,121,,,,7,12.89,124,9,11.85,133,1,1.78,12,8,13.45,154,9,14.22,129,,,,7,9.97,99
,,061450 - Desktop Publishing                      ,,,,1,2.17,11,,,,,,,,,,,,,,,,1,1.80,18,,,,,,,1,2.20,22,,,,,,
,,061460 - Computer Graphics and Digital Imagery   ,1,5.74,30,2,6.38,46,,,,3,4.40,44,2,3.60,36,,,,2,2.90,29,2,3.00,30,,,,2,3.30,33,2,2.00,20,,,,2,2.50,25
,,070600 - Computer Science (Transfer)             ,1,2.81,29,,,,,,,1,1.80,18,,,,,,,1,3.50,35,,,,,,,1,3.71,37,,,,,,,1,3.41,34
,,070710 - Computer Programming                    ,7,25.31,139,9,33.23,178,2,24.52,88,7,27.46,155,9,6.50,210,3,34.01,105,7,31.40,183,9,36.18,206,2,22.15,75,7,33.35,206,9,33.57,191,2,24.50,80,7,34.24,186
,,070720 - Database Design and Administration      ,1,0.38,2,,,,,,,,,,,,,,,,,,,,,,,,,,,,,,,,,,,,
,,070800 - Computer Infrastructure and Support     ,1,0.57,3,,,,,,,,,,,,,,,,,,,,,,,,,,,,,,,,,,,,
,,"080100 - Education, General                      ",4,4.65,38,1,1.35,14,,,,2,4.03,23,1,0.00,18,,,,2,5.96,46,1,2.03,21,,,,2,7.77,47,1,4.64,24,,,,2,14.98,54
,,083500 - Physical Education                      ,11,9.72,86,17,14.71,151,6,6.64,66,32,23.91,225,35,22.58,279,8,8.39,87,31,25.12,244,38,24.25,241,12,14.88,142,39,32.01,298,36,31.74,318,14,18.95,169,45,41.11,388
,,083510 - Physical Fitness and Body Movement      ,19,20.29,176,27,39.40,312,20,44.77,279,26,30.70,261,33,13.79,380,17,34.47,241,29,36.98,333,39,48.78,428,14,28.86,200,36,35.26,318,42,45.81,399,15,43.84,265,37,35.85,318
,,083550 - Intercollegiate Athletics               ,7,33.74,170,6,25.71,116,1,0.81,17,7,41.26,203,6,28.87,131,1,1.91,19,7,44.42,222,7,32.25,166,1,1.71,17,7,46.35,221,7,36.29,188,1,1.57,17,7,46.17,230
,,"090100 - Engineering, General (requires Calculus)",4,11.23,46,8,13.97,100,1,8.23,25,3,12.44,39,9,19.96,143,1,8.89,27,3,15.29,51,9,39.49,158,,,,4,20.48,80,7,22.95,163,,,,3,11.79,70
,,093480 - Laser and Optical Technology            ,,,,,,,,,,2,0.53,4,4,1.29,14,,,,1,0.64,3,,,,,,,,,,,,,,,,,,
,,"100100 - Fine Arts, General                      ",7,18.19,158,4,14.27,147,1,6.77,37,5,16.31,136,5,4.89,182,1,6.40,35,5,18.68,162,5,14.51,153,1,7.50,41,5,14.65,152,6,17.83,170,2,12.80,70,5,16.66,152
,,100200 - Art                                     ,,,,,,,,,,1,0.18,1,,,,,,,,,,,,,,,,,,,,,,,,,,,
,,100210 - Painting and Drawing                    ,3,8.70,43,6,6.43,32,,,,4,8.90,44,,,,,,,3,11.95,59,5,12.66,62,,,,6,12.43,61,6,15.29,75,,,,6,16.63,81
,,100400 - Music                                   ,10,15.67,72,8,8.59,88,1,1.37,15,9,15.27,98,10,12.20,102,1,6.22,34,10,12.35,127,12,13.62,140,,,,11,16.20,147,13,15.88,136,,,,8,14.47,148
,,100700 - Dramatic Arts                           ,3,3.43,35,3,4.51,46,2,2.47,24,3,4.31,44,3,1.00,51,2,5.95,35,3,5.11,52,5,9.53,89,3,5.86,34,4,6.33,64,8,7.04,71,2,5.67,32,5,5.33,54
,,100800 - Dance                                   ,5,4.59,42,9,7.48,76,1,7.31,40,13,12.95,131,21,16.90,207,4,12.20,88,24,21.79,215,29,24.17,243,11,15.53,123,32,24.09,237,33,27.76,275,12,12.26,111,31,24.12,233
,,110500 - Spanish                                 ,14,22.52,117,17,13.01,88,3,8.82,39,13,18.84,119,14,8.62,103,1,8.28,34,14,19.33,124,16,20.23,113,2,15.87,57,12,22.48,129,10,22.38,115,2,17.07,62,12,19.61,115
,,120800 - Medical Assisting                       ,1,1.06,8,1,1.19,9,,,,1,0.79,6,1,0.00,4,,,,1,0.79,6,1,0.79,6,,,,1,0.27,8,1,0.67,5,,,,1,0.80,6
,,120810 - Clinical Medical Assisting              ,6,15.42,109,6,18.23,123,,,,6,20.46,120,6,10.49,126,,,,6,23.68,145,5,12.04,99,,,,6,18.34,127,6,14.82,102,,,,6,15.95,125
,,120820 - Administrative Medical Assisting        ,7,10.52,104,7,9.96,90,,,,7,8.16,74,7,6.47,82,,,,7,7.32,90,6,15.10,119,1,3.66,20,7,13.41,111,7,11.55,123,,,,7,13.14,117
,,122500 - Radiologic Technology                   ,9,34.52,114,12,38.15,132,3,14.05,41,10,35.59,104,12,26.92,104,3,11.39,38,9,39.27,93,11,29.74,103,3,14.34,50,8,31.18,92,10,37.41,119,3,18.70,49,8,36.82,102
,,125500 - Mortuary Science                        ,,,,,,,,,,1,0.26,2,,,,,,,1,3.02,23,3,14.18,74,,,,2,6.72,27,4,13.31,77,,,,3,3.10,15
,,127000 - Kinesiology                             ,1,3.02,33,1,3.11,34,4,5.28,33,1,3.75,41,1,0.00,35,4,9.48,59,1,3.50,36,2,9.17,49,4,9.87,62,1,3.38,37,2,8.34,50,3,7.52,44,1,3.11,34
,,130200 - Interior Design and Merchandising       ,12,53.74,327,15,72.56,364,2,10.97,60,15,51.84,318,22,31.19,320,,,,14,41.63,275,14,42.78,286,,,,15,38.72,319,17,54.98,367,,,,15,40.97,337
,,130300 - Fashion                                 ,6,25.10,137,8,15.23,128,1,1.63,26,8,14.01,115,8,12.60,149,1,1.70,27,7,19.37,119,9,16.03,161,1,1.32,21,7,19.43,134,9,16.21,157,3,4.62,72,8,14.98,121
,,130310 - Fashion Design                          ,7,12.73,110,8,14.78,136,,,,9,15.25,143,8,12.79,149,,,,8,17.36,179,8,18.48,184,,,,8,18.28,163,12,29.89,290,,,,7,17.67,160
,,130320 - Fashion Merchandising                   ,,,,1,3.81,20,,,,1,2.86,15,1,0.00,18,,,,1,3.81,20,1,4.19,22,,,,1,4.58,24,1,4.00,21,,,,2,8.02,42
,,130500 - Child Development/Early Care and Educati,16,56.21,395,19,84.16,490,6,37.67,206,21,67.40,494,14,30.48,429,5,33.83,185,16,71.89,504,12,65.61,384,6,39.31,215,17,87.45,548,14,64.32,449,4,28.53,156,19,111.47,565
,,130520 - Children with Special Needs             ,2,5.42,56,1,3.97,41,,,,2,5.61,58,2,1.10,51,,,,3,12.12,88,3,5.77,59,,,,3,8.23,85,1,6.00,31,,,,2,8.39,44
,,130560 - Parenting and Family Education          ,,,,1,4.39,24,,,,,,,1,0.00,23,,,,,,,1,3.84,21,,,,,,,1,6.29,34,,,,,,
,,130580 - Child Development Administration and Man,1,1.14,6,1,3.90,32,,,,1,2.29,12,1,0.00,37,,,,1,2.86,15,1,3.41,28,,,,1,2.10,11,1,4.27,35,,,,1,4.78,19
,,130590 - Infants and Toddlers                    ,1,3.05,16,1,7.25,38,,,,1,5.72,30,2,0.00,84,,,,1,7.05,37,1,7.50,41,,,,1,6.29,33,1,7.31,40,,,,1,7.05,37
,,"130600 - Nutrition, Foods, and Culinary Arts     ",2,11.83,62,1,7.63,40,1,7.50,41,1,7.25,38,1,0.00,40,1,7.50,41,1,6.29,33,1,7.82,41,1,8.05,44,1,8.20,43,1,8.08,41,1,7.86,43,1,8.39,44
,,"140100 - Law, General                            ",1,2.38,13,,,,1,2.01,11,,,,,,,,,,1,3.84,21,,,,,,,1,4.02,22,,,,,,,1,5.49,30
,,140200 - Paralegal                               ,4,8.59,53,6,14.53,88,,,,5,10.89,73,4,0.00,81,,,,5,12.91,91,5,13.82,92,2,7.31,43,5,20.54,121,6,20.22,117,1,4.57,25,5,19.55,121
,,150100 - English                                 ,41,106.66,704,39,75.30,615,8,28.37,157,41,121.26,860,41,47.92,756,7,23.37,139,47,130.69,"1,001",44,114.37,847,7,24.09,141,49,141.23,"1,043",45,116.92,877,7,26.31,162,46,140.79,988
,,150110 - Linguistics                             ,4,4.34,31,,,,,,,4,1.44,13,,,,,,,4,1.83,16,,,,,,,4,2.66,22,,,,,,,2,4.60,32
,,150300 - Comparative Literature                  ,3,3.72,35,1,1.50,15,,,,3,1.40,14,2,0.95,34,,,,1,1.60,16,2,3.33,34,,,,2,2.50,25,2,2.20,22,,,,2,3.30,33
,,150600 - Speech Communication                    ,14,44.36,266,14,48.52,305,3,18.84,103,16,42.68,285,15,6.20,305,5,25.68,157,14,43.05,278,16,61.19,371,7,26.96,171,14,48.15,361,16,53.34,364,5,25.14,157,12,41.25,334
,,150700 - Creative Writing                        ,2,1.45,15,2,1.60,16,,,,2,1.30,13,2,2.30,23,,,,2,2.40,24,2,5.07,25,,,,2,1.90,19,2,2.00,20,,,,2,1.60,16
,,150900 - Philosophy                              ,7,20.49,129,7,19.65,122,3,19.75,108,4,19.31,127,8,4.45,141,3,21.40,117,6,24.30,176,7,25.00,170,2,14.81,81,7,32.14,199,7,25.31,163,2,16.09,88,7,28.37,202
,,"160100 - Library Science, General                ",3,1.18,37,3,1.06,33,,,,2,0.83,26,2,0.00,43,,,,3,1.54,48,3,1.50,47,,,,2,0.89,28,2,1.50,47,,,,2,1.12,35
,,"170100 - Mathematics, General                    ",30,158.03,881,37,162.95,"1,029",3,63.56,236,33,182.85,926,34,76.43,877,4,40.00,175,33,226.38,"1,042",31,187.72,966,5,66.34,283,35,197.96,"1,055",36,177.35,976,6,84.07,334,31,183.02,978
,,"190100 - Physical Sciences, General              ",,,,,,,1,2.56,14,,,,,,,1,4.57,25,,,,,,,1,3.47,19,,,,,,,1,7.31,40,,,
,,"190200 - Physics, General                        ",8,23.69,112,12,29.00,145,,,,11,32.83,171,11,7.10,150,,,,6,29.97,159,6,57.19,225,,,,6,47.39,205,6,63.40,248,,,,5,16.52,89
,,"190500 - Chemistry, General                      ",10,102.39,278,8,106.70,250,6,94.35,191,11,117.22,267,9,26.75,218,2,21.14,60,10,106.48,282,12,83.23,265,5,37.79,123,12,92.43,266,13,88.59,261,5,37.48,119,12,98.31,297
,,191100 - Astronomy                               ,8,11.90,68,7,15.99,103,2,14.33,74,7,19.36,117,7,3.90,99,2,11.58,60,5,21.21,118,5,19.16,105,2,11.98,62,6,19.65,112,5,18.69,100,2,10.90,57,4,15.44,87
,,191400 - Geology                                 ,,,,1,2.49,13,,,,1,2.29,12,1,0.43,8,,,,1,4.02,22,1,2.00,20,,,,1,1.46,16,2,2.90,29,,,,1,1.46,16
,,191900 - Oceangraphy                             ,4,16.82,91,6,29.57,174,3,12.08,79,4,13.14,82,6,7.50,170,3,14.90,106,4,16.85,105,6,29.60,168,2,10.24,56,4,16.98,111,5,29.75,163,2,16.28,89,3,21.12,111
,,"200100 - Psychology, General                     ",19,70.47,438,16,46.01,378,7,25.60,166,17,45.34,365,17,11.60,328,7,36.55,212,16,57.77,424,13,45.69,319,7,31.88,186,14,58.29,388,15,54.24,421,6,32.90,194,12,31.63,321
,,210400 - Human Services                          ,2,4.02,23,1,3.62,19,,,,1,4.00,21,2,0.58,8,,,,2,5.43,29,2,3.18,28,,,,1,5.53,29,2,1.84,16,,,,1,4.96,26
,,"220100 - Social Sciences, General                ",,,,,,,,,,,,,1,2.41,25,,,,,,,1,2.72,27,,,,,,,,,,,,,,,
,,220200 - Anthropology                            ,4,8.30,85,4,14.99,126,3,14.63,78,5,14.14,116,4,1.80,108,3,17.05,91,4,11.83,122,7,28.28,190,3,19.29,102,5,16.65,153,4,23.84,133,3,18.47,98,5,19.15,164
,,220220 - Archaeology                             ,1,0.58,6,,,,,,,1,0.97,10,,,,,,,1,1.45,15,,,,,,,1,1.74,18,,,,,,,1,5.20,26
,,220300 - Ethnic Studies                          ,1,1.86,10,1,1.40,14,,,,5,11.34,116,5,4.83,147,1,8.05,44,5,32.36,187,5,28.05,191,1,2.31,24,7,19.17,193,6,21.05,213,,,,8,40.50,266
,,220400 - Economics                               ,9,12.39,107,10,18.54,132,2,7.86,43,8,12.97,99,10,7.45,166,3,17.74,97,8,26.38,195,8,27.25,189,4,25.23,138,8,22.94,185,7,26.18,202,2,12.44,68,7,25.96,207
,,220500 - History                                 ,16,44.44,344,15,40.94,395,5,27.52,157,16,35.42,335,12,8.10,301,5,29.63,167,12,35.94,292,14,49.22,423,5,30.20,174,11,34.81,271,14,55.33,434,5,32.83,190,13,43.70,396
,,220600 - Geography                               ,1,1.74,18,1,1.74,18,,,,1,1.18,11,1,0.50,10,,,,1,1.82,17,1,1.50,14,,,,1,1.18,11,,,,,,,1,2.90,29
,,220700 - Political Science                       ,6,15.10,110,10,33.47,201,2,12.44,68,7,17.60,105,7,1.25,124,2,14.08,77,7,16.92,112,7,23.42,148,2,14.08,77,5,18.33,128,7,25.47,165,2,15.18,83,6,23.30,153
,,220800 - Sociology                               ,10,25.27,180,7,18.83,145,3,11.89,83,9,22.85,156,8,4.90,122,3,16.00,90,9,26.26,172,8,21.96,149,3,15.91,89,6,27.00,164,8,19.83,134,3,15.08,84,7,30.99,202
,,493010 - Career Guidance and Orientation         ,12,29.06,290,9,10.26,123,3,13.44,87,13,27.29,316,6,4.12,129,4,12.76,94,13,26.83,351,6,13.46,132,5,15.86,106,8,16.04,197,7,14.51,150,4,16.77,110,14,24.32,288
,,493013 - Academic Guidance                       ,1,0.25,2,1,0.79,6,1,0.67,5,1,1.19,9,1,0.23,15,,,,1,3.00,22,1,2.98,25,,,,1,3.13,23,1,0.95,8,,,,1,1.77,13
,,493072 - Leadership Skills Development           ,3,0.70,5,3,1.53,8,3,0.83,5,,,,1,0.02,2,,,,2,1.56,8,1,0.55,3,,,,2,0.26,2,2,1.86,13,,,,2,1.58,8
,,493084 - English as a Second Language - Writing  ,4,7.96,34,4,6.52,40,1,2.24,10,5,9.85,50,4,6.17,58,1,5.08,22,3,9.25,54,4,8.00,49,1,5.31,23,3,11.68,69,4,9.95,60,1,5.77,25,3,8.79,52
,,493200 - General Work Experience                 ,1,10.62,39,1,13.45,44,,,,1,24.93,34,1,0.00,37,1,4.16,9,1,29.86,39,1,31.92,40,1,3.24,7,1,35.12,44,1,17.87,23,,,,1,22.00,30
,,499900 - Other Interdisciplinary Studies         ,1,0.12,4,1,0.37,6,,,,1,0.27,9,1,0.18,6,,,,2,0.60,19,2,0.74,24,,,,2,0.58,19,2,0.48,16,,,,2,0.64,21
,Credit - Not Degree Applicable                     Total,,28,78.25,442,26,50.56,371,10,19.81,113,32,81.37,647,28,52.92,542,3,8.36,73,26,102.79,711,29,104.17,703,5,13.40,122,36,138.54,970,33,118.77,793,7,19.42,163,34,121.68,822
,,150100 - English                                 ,1,0.10,1,1,0.50,5,1,0.21,2,,,,1,0.03,4,,,,1,0.73,8,1,0.15,2,,,,1,0.28,3,,,,,,,1,0.26,3
,,152000 - Reading                                 ,2,0.40,4,2,0.40,4,4,0.93,9,,,,3,0.04,5,,,,1,1.03,10,1,0.51,5,,,,1,1.22,14,1,0.41,4,,,,1,0.62,6
,,"170100 - Mathematics, General                    ",8,29.94,210,7,13.64,133,1,9.49,31,7,23.28,281,4,6.20,93,,,,5,16.31,172,3,7.47,80,,,,7,18.39,217,5,8.47,127,,,,6,15.02,190
,,493014 - Study Skills                            ,1,0.40,4,1,0.80,8,1,0.41,4,,,,1,0.00,1,1,0.10,1,1,0.57,6,2,4.61,26,1,0.51,5,1,0.43,5,2,4.37,27,1,0.62,6,1,0.50,6
,,493084 - English as a Second Language - Writing  ,9,24.26,131,8,20.92,132,,,,11,25.02,151,9,20.21,203,,,,8,37.31,221,11,45.53,285,1,1.76,11,14,57.55,345,13,45.08,275,3,10.08,63,13,44.63,266
,,493085 - English as a Second Language - Reading  ,6,20.27,83,6,13.38,83,1,3.30,17,11,24.82,164,9,19.81,193,,,,8,41.58,248,9,35.38,238,,,,9,46.85,294,9,47.91,272,,,,9,49.71,271
,,493086 - English as a Second Language - Listening,,,,,,,1,2.59,29,1,0.67,10,,,,1,3.48,39,1,1.40,21,,,,2,5.69,72,1,3.17,26,1,1.51,19,2,5.02,67,1,1.34,20
,,493087 - English as a Second Language - Integrate,1,2.88,9,1,0.92,6,1,2.88,21,2,7.58,41,1,6.63,43,1,4.78,33,1,3.86,25,2,10.52,67,1,5.44,34,2,10.65,66,2,11.02,69,1,3.70,27,2,9.60,60
