,,,Fall 2023,Winter 2024,Spring 2024,Summer 2024,Fall 2024,Winter 2025,Spring 2025,Summer 2025,Fall 2025,Winter 2026
Deanza Total,,,,"39,561","37,874","17,464","44,212","40,281","38,580","18,063","44,323",
,Credit - Degree Applicable                         Total,,,"38,439","36,898","16,686","42,200","39,045","37,552","17,639","42,564",
,,030100 - Environmental Science                   ,,544,468,267,517,429,415,279,497,
,,030200 - Environmental Studies                   ,,278,271,216,259,242,234,216,278,
,,030300 - Environmental Technology                ,,98,134,,146,104,108,4,137,
,,"040100 - Biology, General                        ",,648,706,160,669,708,711,155,694,
,,040300 - MicroBiology                            ,,74,65,,86,84,80,,97,
,,041000 - Anatomy and Physiology                  ,,426,480,110,489,462,454,120,550,
,,"050100 - Business and Commerce, General          ",,,,,37,,48,,39,
,,050200 - Accounting                              ,,"1,084","1,040",470,"1,131","1,196","1,166",492,"1,132",
,,050210 - Tax Studies                             ,,61,57,,95,75,71,,95,
,,050400 - Banking and Finance                     ,,30,33,28,31,41,48,,40,
,,050500 - Business Administration                 ,,"1,029","1,023",482,"1,165","1,078","1,040",475,"1,235",
,,050600 - Business Management                     ,,143,121,9,116,172,119,69,186,
,,050640 - Small Business and Entrepreneurship     ,,96,85,42,40,140,45,36,89,
,,050900 - Marketing and Distribution              ,,164,134,40,177,217,188,91,184,
,,051100 - Real Estate                             ,,170,200,118,178,148,138,81,139,
,,060200 - Journalism                              ,,54,43,,35,63,49,,34,
,,060420 - Television (including combined TV/Film/V,,241,211,56,234,193,218,45,168,
,,060600 - Public Relations                        ,,,29,,,,29,,,
,,061000 - Mass Communications                     ,,86,65,52,108,83,60,52,90,
,,061200 - Film Studies                            ,,313,289,56,339,349,295,48,340,
,,061220 - Film Production                         ,,90,56,18,115,107,81,25,95,
,,061440 - Animation                               ,,157,155,44,136,165,153,49,138,
,,061450 - Desktop Publishing                      ,,,,,35,,,,25,
,,061460 - Computer Graphics and Digital Imagery   ,,29,18,14,17,25,13,17,15,
,,"070100 - Information Technology, General         ",,307,336,183,273,269,275,241,296,
,,070710 - Computer Programming                    ,,"1,928","1,741","1,348","1,614","1,775","1,547","1,229","1,453",
,,070720 - Database Design and Administration      ,,85,85,136,111,78,79,114,149,
,,070800 - Computer Infrastructure and Support     ,,84,121,25,100,81,114,25,150,
,,070810 - Computer Networking                     ,,72,38,76,37,60,36,30,35,
,,070900 - World Wide Web Administration           ,,28,34,24,60,27,16,20,39,
,,"080100 - Education, General                      ",,,,,29,,40,,18,
,,083500 - Physical Education                      ,,964,696,405,929,898,717,425,728,
,,083550 - Intercollegiate Athletics               ,,361,376,566,448,378,388,554,487,
,,083560 - Coaching                                ,,53,70,41,71,36,52,41,66,
,,083580 - Adapted Physical Education              ,,221,258,204,243,219,219,228,225,
,,083700 - Health Education                        ,,97,96,68,120,102,103,74,122,
,,085000 - Sign Language                           ,,61,38,,68,69,58,,72,
,,"090100 - Engineering, General (requires Calculus)",,127,157,94,172,172,182,83,158,
,,094610 - Energy Systems Technology               ,,104,147,,69,71,105,,102,
,,094800 - Automotive Technology                   ,,658,692,149,629,621,634,130,711,
,,094840 - Alternative Fuels and Advanced Transport,,27,,,,,39,13,,
,,095300 - Drafting Technology                     ,,194,194,32,209,135,167,40,199,
,,095600 - Manufacturing and Industrial Technology ,,166,136,56,192,216,133,48,206,
,,"100100 - Fine Arts, General                      ",,659,731,190,650,690,842,150,774,
,,100200 - Art                                     ,,26,26,,45,29,26,,42,
,,100210 - Painting and Drawing                    ,,208,194,28,213,225,174,25,196,
,,100220 - Sculpture                               ,,17,,,20,18,,20,18,
,,100230 - Ceramics                                ,,97,95,22,81,92,95,24,82,
,,100400 - Music                                   ,,400,420,105,382,346,380,84,361,
,,100700 - Dramatic Arts                           ,,111,95,27,76,97,78,25,70,
,,100800 - Dance                                   ,,107,84,32,139,107,94,30,87,
,,100900 - Applied Design                          ,,104,86,25,80,99,71,25,100,
,,101100 - Photography                             ,,92,100,48,98,107,122,47,89,
,,101200 - Applied Photography                     ,,181,142,21,155,179,152,22,153,
,,103000 - Graphic Art and Design                  ,,181,214,58,141,172,218,59,135,
,,110200 - French                                  ,,79,69,,65,64,63,,61,
,,110300 - German                                  ,,43,33,,60,31,23,,59,
,,110400 - Italian                                 ,,27,52,,66,36,57,,39,
,,110500 - Spanish                                 ,,212,188,84,251,278,291,82,277,
,,110600 - Russian                                 ,,67,66,,70,72,80,,70,
,,110700 - Chinese                                 ,,171,192,37,253,170,215,47,203,
,,110800 - Japanese                                ,,94,94,,103,102,87,,96,
,,"111700 - Asian, South Asian, and Pacific Islands ",,37,28,,70,44,43,,75,
,,111720 - Vietnamese                              ,,67,52,,68,69,52,,63,
,,111730 - Korean                                  ,,110,105,33,134,132,112,,117,
,,120500 - Medical Laboratory Technology           ,,111,69,3,97,97,61,4,88,
,,120510 - Phlebotomy                              ,,6,9,10,1,6,10,13,5,
,,120800 - Medical Assisting                       ,,410,463,89,598,417,517,111,602,
,,120820 - Administrative Medical Assisting        ,,,,7,,1,1,1,,
,,123000 - Nursing                                 ,,146,183,91,184,173,146,82,194,
,,123010 - Registered Nursing                      ,,400,402,,406,436,429,,409,
,,127000 - Kinesiology                             ,,130,79,105,123,125,80,116,169,
,,130500 - Child Development/Early Care and Educati,,531,547,223,661,687,762,292,768,
,,130520 - Children with Special Needs             ,,33,28,,35,26,28,,20,
,,130580 - Child Development Administration and Man,,20,67,,27,27,95,,59,
,,130590 - Infants and Toddlers                    ,,25,34,,53,37,52,,41,
,,"130600 - Nutrition, Foods, and Culinary Arts     ",,261,320,192,373,325,370,253,354,
,,140200 - Paralegal                               ,,276,260,74,352,181,250,85,339,
,,150100 - English                                 ,,"2,457","1,845",966,"3,271","2,528","1,806","1,025","3,026",
,,150110 - Linguistics                             ,,48,50,,40,48,50,,40,
,,150300 - Comparative Literature                  ,,52,106,21,156,79,95,8,157,
,,150600 - Speech Communication                    ,,"1,409","1,327",516,"1,555","1,398","1,287",479,"1,605",
,,150700 - Creative Writing                        ,,57,66,30,55,59,73,29,50,
,,150900 - Philosophy                              ,,660,639,373,670,630,567,370,591,
,,159900 - Other Humanities                        ,,"1,069","1,005",611,"1,266","1,010","1,020",583,"1,266",
,,"160100 - Library Science, General                ",,64,77,,71,50,33,,54,
,,"170100 - Mathematics, General                    ",,"4,050","3,835","1,895","5,045","4,178","3,934","2,114","5,175",
,,"190200 - Physics, General                        ",,830,733,113,716,798,757,101,763,
,,"190500 - Chemistry, General                      ",,935,941,321,888,956,971,331,961,
,,191100 - Astronomy                               ,,549,508,118,556,590,532,139,615,
,,191400 - Geology                                 ,,74,110,53,102,108,112,60,106,
,,191900 - Oceangraphy                             ,,28,26,42,33,34,38,40,25,
,,199900 - Other Physical Sciences                 ,,253,281,149,262,257,272,154,257,
,,"200100 - Psychology, General                     ",,"2,046","1,937",902,"2,078","2,022","1,879","1,091","2,157",
,,210500 - Administration of Justice               ,,348,320,92,241,339,262,84,288,
,,210510 - Corrections                             ,,,,,20,,,33,26,
,,"210540 - Forensics, Evidence, and Investigation  ",,45,,,45,,44,,46,
,,214000 - Legal and Community Interpretation      ,,,,,,,,,25,
,,"220100 - Social Sciences, General                ",,,,,,,,,20,
,,220110 - Women's Studies                         ,,221,222,52,184,191,306,47,172,
,,220120 - American Studies                        ,,,25,,156,,86,,174,
,,220200 - Anthropology                            ,,885,919,460,"1,017",937,903,536,"1,069",
,,220300 - Ethnic Studies                          ,,"1,299","1,272",669,"1,123","1,604","1,787",991,"1,520",
,,220400 - Economics                               ,,"1,028","1,070",530,"1,162","1,077","1,115",585,"1,127",
,,220500 - History                                 ,,928,925,510,"1,170",901,958,537,"1,171",
,,220600 - Geography                               ,,346,318,231,340,342,292,251,342,
,,220700 - Political Science                       ,,599,670,272,604,502,568,348,532,
,,220800 - Sociology                               ,,503,541,207,488,601,508,283,528,
,,221000 - International Studies                   ,,90,105,,83,55,48,,96,
,,221010 - Area Studies                            ,,90,71,71,142,124,86,,89,
,,493010 - Career Guidance and Orientation         ,,,,,10,,5,,8,
,,493012 - Job Seeking/Changing Skills             ,,368,172,100,203,296,140,126,181,
,,493013 - Academic Guidance                       ,,126,141,169,485,143,92,100,387,
,,"493031 - Living Skills, Handicapped              ",,13,,,,13,,,,
,,"493032 - Learning Skills, Learning Disabled      ",,20,66,69,83,24,11,,9,
,,493072 - Leadership Skills Development           ,,51,32,,125,69,46,3,76,
,,493087 - English as a Second Language - Integrate,,107,118,51,96,97,126,45,102,
,Credit - Not Degree Applicable                     Total,,,"1,122",976,778,"2,012","1,236","1,028",424,"1,759",
,,095600 - Manufacturing and Industrial Technology ,,14,30,,20,19,18,,17,
,,123010 - Registered Nursing                      ,,1,2,,,2,1,,,
,,150100 - English                                 ,,389,248,71,993,402,224,68,923,
,,"170100 - Mathematics, General                    ",,131,158,,66,158,150,,240,
,,"493030 - Learning Skills, Handicapped            ",,,5,,7,,4,,,
,,"493031 - Living Skills, Handicapped              ",,253,291,625,552,360,402,295,280,
,,493084 - English as a Second Language - Writing  ,,60,45,12,59,58,38,7,49,
,,493085 - English as a Second Language - Reading  ,,60,35,13,56,46,39,8,47,
,,493086 - English as a Second Language - Listening,,98,69,25,120,90,75,22,87,
,,493087 - English as a Second Language - Integrate,,116,93,32,139,101,77,24,116,
Evergreen Valley Total,,,"21,918",,"20,091","6,929","21,695",,"20,130","6,483","20,182",
,Credit - Degree Applicable                         Total,,"20,521",,"18,906","6,906","20,457",,"19,126","6,463","18,917",
,,030100 - Environmental Science                   ,75,,55,18,84,,51,28,77,
,,"040100 - Biology, General                        ",813,,771,249,845,,774,173,863,
,,040300 - MicroBiology                            ,80,,74,40,80,,84,42,83,
,,041000 - Anatomy and Physiology                  ,98,,101,,108,,105,44,151,
,,"050100 - Business and Commerce, General          ",551,,471,127,558,,461,132,599,
,,050200 - Accounting                              ,383,,454,39,426,,432,37,398,
,,050210 - Tax Studies                             ,23,,,,23,,,,22,
,,050630 - Management Development and Supervision  ,45,,33,,49,,29,,29,
,,050640 - Small Business and Entrepreneurship     ,18,,55,18,11,,52,22,39,
,,050900 - Marketing and Distribution              ,,,,,48,,,,81,
,,051400 - Office Technology/Office Computer Applic,155,,121,53,120,,133,26,136,
,,051420 - Medical Office Technology               ,199,,184,93,215,,161,61,224,
,,060200 - Journalism                              ,31,,22,,28,,24,,22,
,,061460 - Computer Graphics and Digital Imagery   ,27,,21,,35,,6,,40,
,,"070100 - Information Technology, General         ",366,,371,138,365,,266,120,212,
,,070600 - Computer Science (Transfer)             ,278,,336,225,371,,364,265,353,
,,070710 - Computer Programming                    ,50,,47,23,39,,23,29,40,
,,080200 - Educational Aide (Teacher Assistant)    ,15,,14,,28,,15,,12,
,,083500 - Physical Education                      ,828,,573,160,575,,670,133,547,
,,083550 - Intercollegiate Athletics               ,59,,,,107,,,,78,
,,083580 - Adapted Physical Education              ,15,,14,,14,,16,,15,
,,083700 - Health Education                        ,71,,45,,50,,27,,49,
,,085000 - Sign Language                           ,43,,47,,37,,32,,19,
,,086000 - Educational Technology                  ,111,,91,62,119,,95,44,117,
,,"090100 - Engineering, General (requires Calculus)",125,,139,,200,,188,,204,
,,"092400 - Engineering Technology, General (require",30,,24,,31,,33,,33,
,,094800 - Automotive Technology                   ,436,,439,126,550,,467,127,498,
,,094840 - Alternative Fuels and Advanced Transport,87,,119,,,,33,,,
,,095300 - Drafting Technology                     ,,,13,,67,,47,,62,
,,095310 - Architectural Drafting                  ,54,,157,,134,,,,,
,,095340 - Mechanical Drafting                     ,8,,6,,,,,,,
,,095600 - Manufacturing and Industrial Technology ,37,,74,,39,,34,,28,
,,"100100 - Fine Arts, General                      ",86,,42,54,83,,39,,53,
,,100200 - Art                                     ,770,,672,305,765,,673,331,729,
,,100210 - Painting and Drawing                    ,64,,65,,59,,73,,36,
,,100220 - Sculpture                               ,28,,25,,26,,28,,26,
,,100400 - Music                                   ,465,,461,149,465,,373,130,318,
,,100700 - Dramatic Arts                           ,261,,278,80,226,,260,72,256,
,,100800 - Dance                                   ,80,,108,53,86,,100,47,80,
,,100900 - Applied Design                          ,26,,26,,35,,7,,9,
,,100910 - Jewelry                                 ,13,,14,,12,,16,,14,
,,101100 - Photography                             ,41,,43,14,27,,34,15,36,
,,103000 - Graphic Art and Design                  ,22,,,,47,,39,,50,
,,110500 - Spanish                                 ,448,,397,88,298,,248,73,219,
,,111720 - Vietnamese                              ,203,,193,27,158,,201,36,171,
,,123000 - Nursing                                 ,69,,84,77,79,,79,83,85,
,,123010 - Registered Nursing                      ,312,,277,89,292,,287,87,311,
,,127000 - Kinesiology                             ,290,,286,102,252,,295,66,219,
,,"130100 - Family and Consumer Sciences, General   ",128,,208,94,197,,154,83,163,
,,"130600 - Nutrition, Foods, and Culinary Arts     ",178,,136,80,134,,135,81,137,
,,140200 - Paralegal                               ,214,,195,,224,,207,,225,
,,150100 - English                                 ,"1,594",,"1,271",211,"1,492",,"1,360",212,"1,355",
,,150600 - Speech Communication                    ,"1,053",,967,612,961,,929,537,952,
,,150900 - Philosophy                              ,365,,439,179,359,,482,156,433,
,,"160100 - Library Science, General                ",24,,9,,20,,6,,,
,,"170100 - Mathematics, General                    ","1,913",,"1,681",939,"2,109",,"2,088",890,"1,805",
,,"190200 - Physics, General                        ",200,,206,101,217,,241,117,234,
,,"190500 - Chemistry, General                      ",527,,520,156,633,,573,161,642,
,,191100 - Astronomy                               ,234,,254,85,290,,247,50,329,
,,191900 - Oceangraphy                             ,147,,88,39,94,,75,83,93,
,,193000 - Earth Science                           ,,,,,,,18,,,
,,"200100 - Psychology, General                     ","1,399",,"1,082",520,"1,278",,"1,164",462,"1,249",
,,210500 - Administration of Justice               ,511,,407,178,625,,440,139,556,
,,210520 - Probation and Parole                    ,15,,,,10,,,,,
,,214000 - Legal and Community Interpretation      ,67,,101,,154,,203,17,139,
,,220110 - Women's Studies                         ,31,,55,,27,,26,,33,
,,220200 - Anthropology                            ,176,,140,150,144,,141,109,187,
,,220300 - Ethnic Studies                          ,"1,151",,"1,138",582,"1,176",,"1,213",491,801,
,,220400 - Economics                               ,279,,283,162,280,,332,216,286,
,,220500 - History                                 ,996,,"1,034",257,840,,999,272,807,
,,220600 - Geography                               ,93,,30,,56,,27,,53,
,,220700 - Political Science                       ,382,,271,,338,,224,,332,
,,220800 - Sociology                               ,190,,189,107,184,,180,109,121,
,,493010 - Career Guidance and Orientation         ,,,,,23,,,,19,
,,493012 - Job Seeking/Changing Skills             ,168,,144,42,171,,144,55,174,
,,493013 - Academic Guidance                       ,168,,152,,140,,122,,115,
,,493200 - General Work Experience                 ,21,,27,,,,15,,23,
,,499900 - Other Interdisciplinary Studies         ,8,,37,3,15,,7,,11,
,Credit - Not Degree Applicable                     Total,,"1,397",,"1,185",23,"1,238",,"1,004",20,"1,265",
,,086000 - Educational Technology                  ,,,,,,,20,20,,
,,095800 - Water and Wastewater Technology         ,8,,,,,,7,,,
,,123030 - Certified Nurse Assistant               ,29,,32,,31,,30,,30,
,,150100 - English                                 ,243,,192,,246,,188,,233,
,,"170100 - Mathematics, General                    ",,,,,,,,,144,
,,170200 - Mathematics Skills                      ,154,,130,,104,,68,,28,
,,493084 - English as a Second Language - Writing  ,243,,171,,203,,163,,228,
,,493085 - English as a Second Language - Reading  ,245,,229,12,238,,197,,212,
,,493086 - English as a Second Language - Listening,198,,144,11,156,,136,,115,
,,493087 - English as a Second Language - Integrate,277,,287,,260,,195,,275,
Foothill Total,,,,"25,899","22,770","11,886","27,969","28,287","24,449","12,384","27,853","1,259"
,Credit - Degree Applicable                         Total,,,"25,511","22,464","11,709","27,519","27,866","24,181","12,132","27,208","1,259"
,,010210 - Veterinary Technician (Licensed)        ,,424,302,86,342,375,304,33,323,
,,010900 - Horticulture                            ,,281,168,24,155,226,206,21,205,
,,030100 - Environmental Science                   ,,35,,,53,46,,,48,
,,"040100 - Biology, General                        ",,556,600,74,552,590,627,81,752,
,,041000 - Anatomy and Physiology                  ,,561,507,203,580,616,673,152,708,
,,049900 - Other Biological Sciences               ,,34,,,24,24,,,16,
,,050200 - Accounting                              ,,"1,360","1,404",854,"1,521","1,559","1,594","1,136","1,607",
,,050210 - Tax Studies                             ,,,,,,,,39,35,
,,050500 - Business Administration                 ,,554,459,244,669,598,659,368,643,
,,050600 - Business Management                     ,,115,119,88,115,116,110,46,118,
,,050650 - Retail Store Operations and Management  ,,,15,,,,,,,
,,060200 - Journalism                              ,,31,23,43,22,37,17,,14,
,,061000 - Mass Communications                     ,,36,37,,33,32,34,31,33,
,,061410 - Multimedia                              ,,219,239,126,245,210,280,121,207,
,,070700 - Computer Software Development           ,,902,928,628,"1,045",974,954,712,"1,009",
,,070710 - Computer Programming                    ,,29,33,48,2,28,,29,24,
,,070800 - Computer Infrastructure and Support     ,,68,70,64,108,93,120,103,88,
,,"080100 - Education, General                      ",,,,,38,,,,25,
,,083500 - Physical Education                      ,,686,813,358,740,731,838,433,699,
,,083550 - Intercollegiate Athletics               ,,216,234,279,306,255,255,309,295,
,,083580 - Adapted Physical Education              ,,47,47,61,46,38,42,55,58,
,,086000 - Educational Technology                  ,,684,479,319,601,"1,022",861,415,230,
,,"090100 - Engineering, General (requires Calculus)",,122,147,,101,144,172,,141,
,,094500 - Industrial Systems Technology and Mainte,,16,14,,16,17,3,,22,
,,094600 - Environmental Control Technology        ,,111,,,181,128,,,153,
,,095200 - Construction Crafts Technology          ,,39,,,,50,50,,,
,,095220 - Electrical                              ,,780,36,27,676,637,,38,699,153
,,"095230 - Plumbing, Pipefitting and Steamfitting  ",,500,129,,610,453,112,,547,236
,,095640 - Sheet Metal and Structural Metal        ,,783,883,484,"1,123",788,630,397,812,851
,,095680 - Industrial Quality Control              ,,343,188,237,299,435,289,,4,
,,"100100 - Fine Arts, General                      ",,488,496,278,448,497,438,270,455,
,,100200 - Art                                     ,,50,59,,80,63,46,,71,
,,100210 - Painting and Drawing                    ,,162,124,73,151,154,123,68,171,
,,100230 - Ceramics                                ,,89,53,24,81,84,50,23,82,
,,100400 - Music                                   ,,291,292,93,357,322,297,190,312,
,,100500 - Commercial Music                        ,,346,279,129,263,350,251,72,251,
,,100600 - Technical Theater                       ,,64,38,31,42,71,24,,51,
,,100700 - Dramatic Arts                           ,,123,133,82,110,130,150,73,121,17
,,100800 - Dance                                   ,,42,44,,40,49,41,,43,
,,101100 - Photography                             ,,135,130,93,199,168,176,160,202,
,,101200 - Applied Photography                     ,,218,215,135,185,204,173,66,192,
,,103000 - Graphic Art and Design                  ,,582,281,386,292,591,226,114,454,
,,110500 - Spanish                                 ,,320,153,50,184,283,146,52,188,
,,110800 - Japanese                                ,,286,275,53,286,280,282,71,288,
,,"120100 - Health Occupations, General             ",,117,72,234,263,136,109,232,273,
,,121000 - Respiratory Care/Therapy                ,,214,226,72,221,304,273,144,296,
,,122100 - Pharmacy Technology                     ,,84,102,,177,121,97,,120,
,,122500 - Radiologic Technology                   ,,225,197,146,261,246,220,162,278,
,,122700 - Diagnostic Medical Sonography           ,,44,55,,56,70,70,65,52,
,,122800 - Athletic Training and Sports Medicine   ,,304,60,231,176,475,64,21,265,
,,124010 - Dental Assistant                        ,,160,152,,144,184,184,,137,
,,124020 - Dental Hygienist                        ,,340,273,99,294,329,245,90,273,
,,125000 - Emergency Medical Services              ,,34,59,59,79,80,88,134,72,
,,125100 - Paramedic                               ,,87,54,58,104,102,64,,72,
,,"126000 - Health Professions, Transfer Core Curric",,242,136,99,238,359,189,96,228,
,,127000 - Kinesiology                             ,,293,399,209,470,306,345,395,453,
,,130500 - Child Development/Early Care and Educati,,622,555,233,683,669,729,233,679,
,,130580 - Child Development Administration and Man,,,37,,34,,24,,40,
,,150100 - English                                 ,,"1,291",924,531,"1,602","1,322",997,378,"1,528",
,,150300 - Comparative Literature                  ,,,75,,33,,60,,,
,,150600 - Speech Communication                    ,,799,795,338,874,823,805,337,936,
,,150700 - Creative Writing                        ,,18,15,,22,18,16,27,25,
,,150900 - Philosophy                              ,,212,259,190,251,236,244,143,250,
,,"160100 - Library Science, General                ",,40,,,20,43,,,36,
,,"170100 - Mathematics, General                    ",,"1,981","1,717",892,"2,298","2,223","1,777",982,"2,155",
,,170200 - Mathematics Skills                      ,,,,,,22,24,,21,
,,179900 - Other Mathematics                       ,,,,,10,2,,,2,
,,"190100 - Physical Sciences, General              ",,6,,,,,,,,
,,"190200 - Physics, General                        ",,461,479,30,380,437,448,19,453,2
,,"190500 - Chemistry, General                      ",,808,703,196,768,863,837,276,964,
,,191100 - Astronomy                               ,,118,77,,145,116,86,,119,
,,193000 - Earth Science                           ,,,,,,,46,,49,
,,"200100 - Psychology, General                     ",,967,940,445,904,"1,029",848,435,"1,007",
,,"220100 - Social Sciences, General                ",,300,324,266,287,357,332,265,178,
,,220110 - Women's Studies                         ,,57,35,38,44,38,49,51,48,
,,220200 - Anthropology                            ,,537,585,316,661,539,588,430,591,
,,220220 - Archaeology                             ,,38,31,,27,44,43,,61,
,,220300 - Ethnic Studies                          ,,276,278,122,510,553,580,207,579,
,,220400 - Economics                               ,,419,366,190,487,427,400,201,487,
,,220500 - History                                 ,,309,302,162,305,318,307,136,388,
,,220600 - Geography                               ,,238,222,167,263,263,234,153,286,
,,220610 - Geographic Information Systems          ,,119,92,,65,79,99,,79,
,,220700 - Political Science                       ,,216,284,81,315,254,272,150,337,
,,220800 - Sociology                               ,,365,500,242,469,348,470,226,473,
,,221000 - International Studies                   ,,30,48,,73,78,71,25,60,
,,493010 - Career Guidance and Orientation         ,,254,369,308,422,423,352,340,349,
,,"493030 - Learning Skills, Handicapped            ",,,39,,,,56,,8,
,,493072 - Leadership Skills Development           ,,54,56,,39,55,56,,45,
,,493084 - English as a Second Language - Writing  ,,35,31,,32,35,31,,36,
,,493200 - General Work Experience                 ,,69,95,81,92,72,99,101,24,
,Credit - Not Degree Applicable                     Total,,,388,306,177,450,421,268,252,645,
,,121000 - Respiratory Care/Therapy                ,,,20,,26,21,15,,19,
,,122100 - Pharmacy Technology                     ,,,,14,,,22,,,
,,122500 - Radiologic Technology                   ,,34,35,33,67,33,27,29,67,
,,125000 - Emergency Medical Services              ,,,,,,20,,17,,
,,126100 - Community Health Care Worker            ,,21,,,,23,,,28,
,,"170100 - Mathematics, General                    ",,,,67,,,,70,,
,,170200 - Mathematics Skills                      ,,63,15,,39,85,,,130,
,,493010 - Career Guidance and Orientation         ,,32,33,6,70,35,34,30,61,
,,"493030 - Learning Skills, Handicapped            ",,24,,25,24,24,,47,47,
,,"493031 - Living Skills, Handicapped              ",,96,115,25,96,84,108,47,184,
,,493084 - English as a Second Language - Writing  ,,100,67,7,89,70,52,12,72,
,,493085 - English as a Second Language - Reading  ,,18,20,,39,26,9,,37,
,,493086 - English as a Second Language - Listening,,,1,,,,1,,,
Mission Total,,,"15,416","1,678","15,042","5,240","16,328","1,670","15,214","5,464","16,164","1,515"
,Credit - Degree Applicable                         Total,,"15,087","1,678","14,735","5,179","15,937","1,670","14,941","5,355","15,745","1,515"
,,"040100 - Biology, General                        ",556,83,634,247,564,88,636,250,589,76
,,040300 - MicroBiology                            ,62,,58,64,85,,93,56,92,
,,040800 - Natural History                         ,,,,,30,,23,,32,
,,041000 - Anatomy and Physiology                  ,205,,202,55,202,,212,60,199,
,,"050100 - Business and Commerce, General          ",524,83,495,127,599,56,395,130,531,90
,,050200 - Accounting                              ,368,49,397,209,399,56,416,184,407,25
,,050500 - Business Administration                 ,,,15,,,,,,,
,,050600 - Business Management                     ,105,,63,,66,,33,,87,
,,050630 - Management Development and Supervision  ,17,,,,,,28,,,
,,050640 - Small Business and Entrepreneurship     ,,,49,,,,32,,58,
,,050800 - International Business and Trade        ,24,,24,,30,,19,,24,
,,050900 - Marketing and Distribution              ,29,20,,,29,,17,,17,
,,051000 - Logistics and Materials Transportation  ,,,10,,,,,,,
,,051400 - Office Technology/Office Computer Applic,135,66,151,85,155,72,110,81,148,
,,061220 - Film Production                         ,,,,,8,,,,6,
,,061420 - Electronic Game Design                  ,,,,14,,,,19,,
,,061430 - Website Design and Development          ,62,,66,29,91,,62,18,58,
,,061440 - Animation                               ,29,,,,20,,,,15,
,,"070100 - Information Technology, General         ",57,,60,,54,,23,,19,
,,070200 - Computer Information Systems            ,99,28,106,,97,26,70,22,65,24
,,070210 - Software Applications                   ,37,,46,34,49,,28,24,30,
,,070600 - Computer Science (Transfer)             ,47,,53,,52,,27,,29,
,,070700 - Computer Software Development           ,56,,73,54,68,,75,54,67,
,,070710 - Computer Programming                    ,318,29,343,259,335,30,296,242,328,27
,,070800 - Computer Infrastructure and Support     ,,,,,,,15,,,
,,070810 - Computer Networking                     ,194,28,195,78,199,32,176,79,171,20
,,070820 - Computer Support                        ,52,,50,,47,,20,,28,
,,083500 - Physical Education                      ,506,72,640,240,586,66,549,147,328,96
,,083510 - Physical Fitness and Body Movement      ,1,,9,1,2,,2,,2,
,,083520 - Fitness Trainer                         ,,,,,9,,16,,11,
,,083550 - Intercollegiate Athletics               ,19,10,24,25,20,14,27,5,34,4
,,083580 - Adapted Physical Education              ,,,4,,,,,,,
,,"090100 - Engineering, General (requires Calculus)",171,,145,,180,,180,,197,
,,093500 - Electro-Mechanical Technology           ,94,,104,13,118,,144,14,110,
,,094750 - Truck and Bus Driving                   ,12,,,,,,17,,,
,,"100100 - Fine Arts, General                      ",123,,82,,115,,115,,113,
,,100210 - Painting and Drawing                    ,250,25,205,62,167,23,204,91,221,18
,,100220 - Sculpture                               ,36,,33,,50,18,27,,33,19
,,100230 - Ceramics                                ,24,,28,22,45,,46,15,54,
,,100400 - Music                                   ,325,135,295,98,318,136,315,161,316,133
,,100500 - Commercial Music                        ,14,,16,,16,,18,,21,
,,100800 - Dance                                   ,135,,121,,120,,110,,109,
,,101200 - Applied Photography                     ,24,,42,34,17,,54,15,46,
,,101300 - Commercial Art                          ,,,13,,,,25,,,
,,103000 - Graphic Art and Design                  ,288,53,318,99,288,67,320,117,268,65
,,110500 - Spanish                                 ,220,,244,120,263,,153,92,189,
,,110700 - Chinese                                 ,28,,42,,36,,45,,46,
,,110800 - Japanese                                ,53,,28,,48,,44,,52,
,,111200 - Arabic                                  ,55,,60,20,61,,61,20,56,
,,111720 - Vietnamese                              ,,,46,,,,27,,,
,,"120100 - Health Occupations, General             ",154,41,136,68,181,44,176,53,187,51
,,123000 - Nursing                                 ,,,,,,,,,92,
,,123010 - Registered Nursing                      ,120,,112,58,112,,116,,23,
,,123020 - Licensed Vocational Nursing             ,542,,535,,540,,525,,513,
,,123030 - Certified Nurse Assistant               ,171,,139,147,185,,187,152,194,
,,127000 - Kinesiology                             ,86,,88,24,114,,98,27,117,
,,130500 - Child Development/Early Care and Educati,402,,404,59,459,,461,99,581,
,,130520 - Children with Special Needs             ,,,19,,,,,,22,
,,130580 - Child Development Administration and Man,21,,56,,58,,53,22,54,
,,130590 - Infants and Toddlers                    ,40,,37,,25,,26,,29,
,,"130600 - Nutrition, Foods, and Culinary Arts     ",199,,201,54,191,,160,55,186,
,,130630 - Culinary Arts                           ,207,,168,44,153,,108,18,187,
,,130700 - Hospitality                             ,22,,19,,29,,8,,26,
,,130710 - Restaurant and Food Services and Managem,192,,188,18,278,,205,97,198,8
,,130900 - Gerontology                             ,56,,52,,67,,37,,77,
,,150100 - English                                 ,"1,188",,999,291,"1,236",,"1,079",369,"1,254",
,,150600 - Speech Communication                    ,488,72,490,116,527,103,453,159,487,85
,,150900 - Philosophy                              ,106,,108,59,127,,117,27,116,
,,152000 - Reading                                 ,27,,25,,20,,29,,21,
,,159900 - Other Humanities                        ,146,38,130,26,158,40,142,27,155,29
,,"170100 - Mathematics, General                    ","1,253",30,"1,102",545,"1,297",25,"1,099",557,"1,246",26
,,"190200 - Physics, General                        ",189,,240,61,191,,232,39,240,
,,"190500 - Chemistry, General                      ",363,21,375,175,420,,357,195,446,
,,191100 - Astronomy                               ,114,,152,,156,,143,,157,
,,"200100 - Psychology, General                     ",812,202,726,358,779,209,648,361,724,194
,,210400 - Human Services                          ,,,,,92,,202,14,114,
,,213300 - Fire Technology                         ,624,,640,101,593,,759,93,748,
,,213350 - Fire Academy                            ,25,,22,,25,,24,,25,
,,"220100 - Social Sciences, General                ",99,,60,,56,,42,,52,
,,220200 - Anthropology                            ,135,58,147,52,186,57,150,64,181,69
,,220300 - Ethnic Studies                          ,,,83,43,64,17,80,93,158,
,,220400 - Economics                               ,220,92,160,149,202,96,197,163,191,95
,,220500 - History                                 ,535,204,447,239,480,163,480,248,474,143
,,220600 - Geography                               ,33,,63,30,68,,66,31,58,
,,220700 - Political Science                       ,296,77,226,204,316,87,312,166,330,79
,,220800 - Sociology                               ,440,109,436,220,486,82,499,261,481,80
,,493010 - Career Guidance and Orientation         ,12,,20,8,23,,39,,36,
,,493011 - Interpersonal Skills                    ,30,,23,,46,,,,54,
,,493013 - Academic Guidance                       ,318,52,253,40,293,63,252,68,301,59
,,493200 - General Work Experience                 ,68,1,65,1,66,,75,1,4,
,Credit - Not Degree Applicable                     Total,,329,,307,61,391,,273,109,419,
,,079900 - Other Information Technology            ,,,,,,,74,40,79,
,,094740 - Railroad and Light Rail Operations      ,,,,14,50,,12,7,32,
,,129900 - Other Health Occupations                ,23,,30,21,24,,24,30,31,
,,130700 - Hospitality                             ,,,,10,15,,,,15,
,,"190200 - Physics, General                        ",,,,,14,,8,20,20,
,,"493030 - Learning Skills, Handicapped            ",13,,5,,16,,12,,20,
,,"493032 - Learning Skills, Learning Disabled      ",27,,18,,31,,11,,24,
,,493084 - English as a Second Language - Writing  ,112,,114,3,98,,68,2,65,
,,493086 - English as a Second Language - Listening,96,,91,9,91,,27,7,94,
,,493087 - English as a Second Language - Integrate,38,,23,4,52,,37,3,39,
,,493100 - Vocational ESL                          ,20,,26,,,,,,,
Ohlone Total,,,"23,074",,"18,271","8,991","23,656",,"21,804","9,407","24,433",
,Credit - Degree Applicable                         Total,,"22,467",,"17,972","6,039","23,114",,"20,964","6,475","23,897",
,,030200 - Environmental Studies                   ,192,,209,101,184,,182,103,153,
,,"040100 - Biology, General                        ",472,,394,98,523,,417,121,539,
,,040300 - MicroBiology                            ,46,,34,,48,,55,,69,
,,040800 - Natural History                         ,43,,30,25,52,,31,26,55,
,,041000 - Anatomy and Physiology                  ,175,,148,17,181,,181,18,247,
,,043000 - Biotechnology and Biomedical Technology ,92,,72,31,112,,114,78,63,
,,050200 - Accounting                              ,752,,451,210,687,,526,219,713,
,,050630 - Management Development and Supervision  ,90,,163,54,90,,117,,57,
,,050640 - Small Business and Entrepreneurship     ,5,,,,,,,,,
,,050900 - Marketing and Distribution              ,315,,180,104,331,,220,79,358,
,,051100 - Real Estate                             ,122,,100,,121,,62,,67,
,,051400 - Office Technology/Office Computer Applic,49,,36,33,62,,39,26,61,
,,051800 - Customer Service                        ,,,5,,,,28,,,
,,059900 - Other Business and Management           ,13,,21,,20,,28,,45,
,,"060100 - Media and Communications, General       ",32,,59,,64,,63,,64,
,,060200 - Journalism                              ,8,,8,,7,,7,,7,
,,060400 - Radio and Television                    ,40,,34,,28,,36,,19,
,,060420 - Television (including combined TV/Film/V,68,,75,,62,,74,,57,
,,061220 - Film Production                         ,9,,,,11,,,,15,
,,061410 - Multimedia                              ,243,,221,56,291,,219,43,267,
,,061430 - Website Design and Development          ,32,,6,,29,,7,,21,
,,061440 - Animation                               ,120,,65,11,124,,96,13,116,
,,061460 - Computer Graphics and Digital Imagery   ,47,,37,,49,,48,,16,
,,"070100 - Information Technology, General         ",415,,222,35,379,,385,43,410,
,,070200 - Computer Information Systems            ,28,,17,,20,,25,,29,
,,070210 - Software Applications                   ,40,,36,21,72,,46,20,46,
,,070700 - Computer Software Development           ,16,,20,,,,23,,18,
,,070710 - Computer Programming                    ,711,,522,240,761,,537,218,791,
,,070800 - Computer Infrastructure and Support     ,15,,5,9,15,,9,6,6,
,,070810 - Computer Networking                     ,323,,280,66,294,,192,60,298,
,,080900 - Special Education                       ,14,,31,,14,,22,,16,
,,083500 - Physical Education                      ,154,,76,21,139,,76,34,127,
,,083510 - Physical Fitness and Body Movement      ,619,,362,211,601,,412,184,695,
,,083550 - Intercollegiate Athletics               ,207,,138,30,227,,159,4,167,
,,083700 - Health Education                        ,249,,120,54,235,,159,56,226,
,,085000 - Sign Language                           ,148,,172,19,252,,225,20,320,
,,085010 - Sign Language Interpreting              ,100,,60,,115,,95,,75,
,,"090100 - Engineering, General (requires Calculus)",265,,285,43,249,,284,23,318,
,,093400 - Electronics and Electric Technology     ,164,,178,71,145,,145,77,195,
,,095420 - Plastics and Composites                 ,62,,40,,51,,51,21,59,
,,095600 - Manufacturing and Industrial Technology ,350,,273,37,218,,223,,195,
,,"100100 - Fine Arts, General                      ",,,3,,4,,1,,2,
,,100200 - Art                                     ,951,,667,149,910,,835,137,847,
,,100230 - Ceramics                                ,42,,40,,41,,29,,47,
,,100400 - Music                                   ,583,,577,183,817,,940,188,824,
,,100500 - Commercial Music                        ,21,,12,,24,,21,,5,
,,100600 - Technical Theater                       ,79,,80,,74,,113,,94,
,,100700 - Dramatic Arts                           ,232,,265,46,254,,228,103,307,
,,100800 - Dance                                   ,42,,20,,20,,,,22,
,,101100 - Photography                             ,58,,50,,63,,53,,50,
,,101200 - Applied Photography                     ,133,,79,34,119,,161,22,134,
,,103000 - Graphic Art and Design                  ,10,,11,,12,,,,12,
,,110200 - French                                  ,21,,14,,21,,19,,19,
,,110500 - Spanish                                 ,192,,133,80,181,,282,84,436,
,,110700 - Chinese                                 ,18,,28,,24,,219,,26,
,,110800 - Japanese                                ,46,,50,,67,,35,,56,
,,"120100 - Health Occupations, General             ",33,,36,,28,,38,,39,
,,120800 - Medical Assisting                       ,71,,54,39,78,,117,77,97,
,,121000 - Respiratory Care/Therapy                ,187,,160,24,176,,170,36,207,
,,122100 - Pharmacy Technology                     ,,,14,,,,22,,,
,,122200 - Physical Therapist Assistant            ,192,,138,,165,,165,,166,
,,123010 - Registered Nursing                      ,110,,49,22,119,,89,28,142,
,,125000 - Emergency Medical Services              ,,,,,12,,,,,
,,"126000 - Health Professions, Transfer Core Curric",,,,,,,17,,,
,,130200 - Interior Design and Merchandising       ,25,,,,,,,,,
,,130500 - Child Development/Early Care and Educati,200,,166,,212,,204,,299,
,,"130600 - Nutrition, Foods, and Culinary Arts     ",196,,140,72,185,,148,70,188,
,,150100 - English                                 ,"2,021",,"1,515",364,"1,873",,"1,542",410,"1,678",
,,150300 - Comparative Literature                  ,23,,51,,50,,37,,50,
,,150600 - Speech Communication                    ,"1,148",,"1,024",452,"1,027",,"1,265",665,"1,469",
,,150900 - Philosophy                              ,184,,206,74,135,,212,78,203,
,,"160100 - Library Science, General                ",109,,135,23,118,,121,,51,
,,"170100 - Mathematics, General                    ","2,773",,"1,882",677,"2,834",,"1,934",790,"2,886",
,,"190200 - Physics, General                        ",388,,316,95,420,,353,137,500,
,,"190500 - Chemistry, General                      ",629,,467,186,657,,532,174,642,
,,191100 - Astronomy                               ,182,,132,83,235,,157,77,234,
,,191400 - Geology                                 ,96,,107,,109,,99,,95,
,,"200100 - Psychology, General                     ",761,,743,276,805,,857,304,851,
,,210500 - Administration of Justice               ,124,,97,7,156,,161,,160,
,,210550 - Police Academy                          ,,,160,25,209,,229,,138,
,,213350 - Fire Academy                            ,,,,74,17,,81,,48,
,,220110 - Women's Studies                         ,39,,65,13,52,,61,27,66,
,,"220140 - Gay, Lesbian, Bisexual and Transgender S",,,25,26,,,34,32,,
,,220200 - Anthropology                            ,422,,314,124,472,,311,131,512,
,,220300 - Ethnic Studies                          ,360,,404,168,584,,662,191,554,
,,220400 - Economics                               ,620,,383,256,602,,378,240,569,
,,220500 - History                                 ,879,,724,344,849,,936,393,999,
,,220600 - Geography                               ,161,,153,10,127,,200,,35,
,,220700 - Political Science                       ,273,,313,156,354,,324,171,342,
,,220800 - Sociology                               ,500,,432,226,394,,564,260,478,
,,221020 - Global Studies                          ,24,,10,29,23,,20,31,,
,,493010 - Career Guidance and Orientation         ,428,,318,105,508,,343,127,306,
,,493013 - Academic Guidance                       ,16,,,,20,,,,,
,,493200 - General Work Experience                 ,20,,25,,15,,27,,12,
,Credit - Not Degree Applicable                     Total,,607,,299,"2,952",542,,840,"2,932",536,
,,150100 - English                                 ,357,,153,55,272,,157,58,335,
,,152000 - Reading                                 ,8,,,,,,,,,
,,210500 - Administration of Justice               ,105,,51,"2,868",135,,69,"2,863",64,
,,210550 - Police Academy                          ,,,,,,,13,,,
,,213300 - Fire Technology                         ,45,,,24,,,464,,,
,,"493030 - Learning Skills, Handicapped            ",35,,28,,49,,44,,46,
,,493086 - English as a Second Language - Listening,25,,17,1,30,,40,6,25,
,,493087 - English as a Second Language - Integrate,32,,50,4,56,,53,5,66,
